[
{
  "model": "auth.user",
  "pk": 1,
  "fields": {
    "password": "pbkdf2_sha256$1000000$M9A8XyFI44Cr9ZldWOXcvO$i62YGhQ3l/s/BfvWlWwBOaXcbEeSWXYLE2D1/j6XRDA=",
    "last_login": "2026-06-16T12:58:29.180Z",
    "is_superuser": true,
    "username": "admin",
    "first_name": "",
    "last_name": "",
    "email": "admin@bigroller.com",
    "is_staff": true,
    "is_active": true,
    "date_joined": "2026-06-16T08:54:23.849Z",
    "groups": [
      1
    ],
    "user_permissions": []
  }
},
{
  "model": "auth.user",
  "pk": 2,
  "fields": {
    "password": "pbkdf2_sha256$1000000$VtHHicgux2MfQ7SkC9GjvC$r64/0jLG20NtIl39aDepNa2sHDESw7scHwNaG8sHt2Q=",
    "last_login": "2026-06-16T12:42:04.135Z",
    "is_superuser": false,
    "username": "waiter1",
    "first_name": "",
    "last_name": "",
    "email": "waiter@bigroller.com",
    "is_staff": false,
    "is_active": true,
    "date_joined": "2026-06-16T08:54:25.730Z",
    "groups": [
      2
    ],
    "user_permissions": []
  }
},
{
  "model": "auth.user",
  "pk": 3,
  "fields": {
    "password": "pbkdf2_sha256$1000000$ujZOwpii44QPZpo7OOkk3D$NPciFZjYpKw9njKZpMpdhxz77wAlI13PIE5euNbTVtQ=",
    "last_login": "2026-06-16T13:06:48.624Z",
    "is_superuser": false,
    "username": "counter1",
    "first_name": "",
    "last_name": "",
    "email": "counter@bigroller.com",
    "is_staff": false,
    "is_active": true,
    "date_joined": "2026-06-16T08:54:27.598Z",
    "groups": [
      3
    ],
    "user_permissions": []
  }
},
{
  "model": "users.userprofile",
  "pk": 1,
  "fields": {
    "user": 1,
    "role": "admin",
    "phone": "",
    "employee_id": null,
    "photo": "",
    "created_at": "2026-06-16T08:54:23.943Z",
    "updated_at": "2026-06-16T12:58:29.258Z"
  }
},
{
  "model": "users.userprofile",
  "pk": 2,
  "fields": {
    "user": 2,
    "role": "waiter",
    "phone": "0712345678",
    "employee_id": null,
    "photo": "",
    "created_at": "2026-06-16T08:54:25.846Z",
    "updated_at": "2026-06-16T12:42:04.236Z"
  }
},
{
  "model": "users.userprofile",
  "pk": 3,
  "fields": {
    "user": 3,
    "role": "counter",
    "phone": "0723456789",
    "employee_id": null,
    "photo": "",
    "created_at": "2026-06-16T08:54:27.759Z",
    "updated_at": "2026-06-16T13:06:48.733Z"
  }
},
{
  "model": "products.category",
  "pk": 1,
  "fields": {
    "name": "Beers",
    "description": "",
    "created_at": "2026-06-16T08:54:28.123Z"
  }
},
{
  "model": "products.category",
  "pk": 2,
  "fields": {
    "name": "Wines",
    "description": "",
    "created_at": "2026-06-16T08:54:28.210Z"
  }
},
{
  "model": "products.category",
  "pk": 3,
  "fields": {
    "name": "Spirits",
    "description": "",
    "created_at": "2026-06-16T08:54:28.298Z"
  }
},
{
  "model": "products.category",
  "pk": 4,
  "fields": {
    "name": "Cocktails",
    "description": "",
    "created_at": "2026-06-16T08:54:28.421Z"
  }
},
{
  "model": "products.category",
  "pk": 5,
  "fields": {
    "name": "Non-Alcoholic",
    "description": "",
    "created_at": "2026-06-16T08:54:28.556Z"
  }
},
{
  "model": "products.category",
  "pk": 6,
  "fields": {
    "name": "Soft Drinks",
    "description": "",
    "created_at": "2026-06-16T08:54:28.672Z"
  }
},
{
  "model": "products.category",
  "pk": 7,
  "fields": {
    "name": "Whisky",
    "description": "",
    "created_at": "2026-06-16T08:54:28.779Z"
  }
},
{
  "model": "products.category",
  "pk": 8,
  "fields": {
    "name": "Vodka",
    "description": "",
    "created_at": "2026-06-16T08:54:28.893Z"
  }
},
{
  "model": "products.category",
  "pk": 9,
  "fields": {
    "name": "Gin",
    "description": "",
    "created_at": "2026-06-16T08:54:28.988Z"
  }
},
{
  "model": "products.category",
  "pk": 10,
  "fields": {
    "name": "Rum",
    "description": "",
    "created_at": "2026-06-16T08:54:29.082Z"
  }
},
{
  "model": "products.product",
  "pk": 1,
  "fields": {
    "category": 1,
    "name": "Tusker Lager",
    "description": "Kenya's favorite lager beer",
    "price": "350.00",
    "stock": 99,
    "min_stock_level": 20,
    "image": "",
    "is_available": true,
    "created_at": "2026-06-16T08:54:29.196Z",
    "updated_at": "2026-06-16T11:21:25.902Z"
  }
},
{
  "model": "products.product",
  "pk": 2,
  "fields": {
    "category": 1,
    "name": "Tusker Malt",
    "description": "Premium malt lager",
    "price": "400.00",
    "stock": 80,
    "min_stock_level": 15,
    "image": "",
    "is_available": true,
    "created_at": "2026-06-16T08:54:29.278Z",
    "updated_at": "2026-06-16T08:54:29.278Z"
  }
},
{
  "model": "products.product",
  "pk": 3,
  "fields": {
    "category": 1,
    "name": "White Cap",
    "description": "Refreshing premium lager",
    "price": "300.00",
    "stock": 89,
    "min_stock_level": 20,
    "image": "",
    "is_available": true,
    "created_at": "2026-06-16T08:54:29.363Z",
    "updated_at": "2026-06-16T11:21:25.902Z"
  }
},
{
  "model": "products.product",
  "pk": 4,
  "fields": {
    "category": 1,
    "name": "Guinness",
    "description": "Rich and smooth stout",
    "price": "500.00",
    "stock": 58,
    "min_stock_level": 10,
    "image": "",
    "is_available": true,
    "created_at": "2026-06-16T08:54:29.435Z",
    "updated_at": "2026-06-16T11:21:39.382Z"
  }
},
{
  "model": "products.product",
  "pk": 5,
  "fields": {
    "category": 1,
    "name": "Heineken",
    "description": "Premium Dutch beer",
    "price": "450.00",
    "stock": 67,
    "min_stock_level": 15,
    "image": "",
    "is_available": true,
    "created_at": "2026-06-16T08:54:29.519Z",
    "updated_at": "2026-06-16T11:59:04.273Z"
  }
},
{
  "model": "products.product",
  "pk": 6,
  "fields": {
    "category": 3,
    "name": "Smirnoff Vodka",
    "description": "Premium vodka 750ml",
    "price": "2500.00",
    "stock": 28,
    "min_stock_level": 5,
    "image": "",
    "is_available": true,
    "created_at": "2026-06-16T08:54:29.615Z",
    "updated_at": "2026-06-16T12:23:05.833Z"
  }
},
{
  "model": "products.product",
  "pk": 7,
  "fields": {
    "category": 7,
    "name": "Jameson Whiskey",
    "description": "Irish whiskey 750ml",
    "price": "3500.00",
    "stock": 23,
    "min_stock_level": 5,
    "image": "",
    "is_available": true,
    "created_at": "2026-06-16T08:54:29.736Z",
    "updated_at": "2026-06-16T12:33:25.655Z"
  }
},
{
  "model": "products.product",
  "pk": 8,
  "fields": {
    "category": 7,
    "name": "Johnnie Walker Red",
    "description": "Blended scotch whiskey",
    "price": "3000.00",
    "stock": 19,
    "min_stock_level": 5,
    "image": "",
    "is_available": true,
    "created_at": "2026-06-16T08:54:29.822Z",
    "updated_at": "2026-06-16T11:21:25.896Z"
  }
},
{
  "model": "products.product",
  "pk": 9,
  "fields": {
    "category": 9,
    "name": "Gordon's Gin",
    "description": "London dry gin 750ml",
    "price": "2200.00",
    "stock": 23,
    "min_stock_level": 5,
    "image": "",
    "is_available": true,
    "created_at": "2026-06-16T08:54:29.911Z",
    "updated_at": "2026-06-16T13:07:10.112Z"
  }
},
{
  "model": "products.product",
  "pk": 10,
  "fields": {
    "category": 10,
    "name": "Bacardi Rum",
    "description": "White rum 750ml",
    "price": "2000.00",
    "stock": 26,
    "min_stock_level": 5,
    "image": "",
    "is_available": true,
    "created_at": "2026-06-16T08:54:29.997Z",
    "updated_at": "2026-06-16T12:33:25.655Z"
  }
},
{
  "model": "products.product",
  "pk": 11,
  "fields": {
    "category": 6,
    "name": "Coca Cola",
    "description": "Refreshing cola drink",
    "price": "150.00",
    "stock": 196,
    "min_stock_level": 50,
    "image": "",
    "is_available": true,
    "created_at": "2026-06-16T08:54:30.121Z",
    "updated_at": "2026-06-16T13:07:10.112Z"
  }
},
{
  "model": "products.product",
  "pk": 12,
  "fields": {
    "category": 6,
    "name": "Sprite",
    "description": "Lemon-lime soda",
    "price": "150.00",
    "stock": 200,
    "min_stock_level": 50,
    "image": "",
    "is_available": true,
    "created_at": "2026-06-16T08:54:30.211Z",
    "updated_at": "2026-06-16T08:54:30.211Z"
  }
},
{
  "model": "products.product",
  "pk": 13,
  "fields": {
    "category": 4,
    "name": "Mojito Cocktail",
    "description": "Classic mint mojito",
    "price": "800.00",
    "stock": 40,
    "min_stock_level": 10,
    "image": "",
    "is_available": true,
    "created_at": "2026-06-16T08:54:30.297Z",
    "updated_at": "2026-06-16T12:25:37.749Z"
  }
},
{
  "model": "products.product",
  "pk": 14,
  "fields": {
    "category": 5,
    "name": "Red Bull",
    "description": "Energy drink",
    "price": "350.00",
    "stock": 100,
    "min_stock_level": 30,
    "image": "",
    "is_available": true,
    "created_at": "2026-06-16T08:54:30.386Z",
    "updated_at": "2026-06-16T08:54:30.386Z"
  }
},
{
  "model": "products.product",
  "pk": 15,
  "fields": {
    "category": 5,
    "name": "Keringet Water",
    "description": "Natural mineral water",
    "price": "100.00",
    "stock": 300,
    "min_stock_level": 50,
    "image": "",
    "is_available": true,
    "created_at": "2026-06-16T08:54:30.481Z",
    "updated_at": "2026-06-16T08:54:30.481Z"
  }
},
{
  "model": "inventory.inventorylog",
  "pk": 1,
  "fields": {
    "product": 11,
    "user": 1,
    "action": "add",
    "quantity_change": 54,
    "stock_before": 32,
    "stock_after": 54,
    "notes": "",
    "created_at": "2026-06-16T09:04:07.767Z"
  }
},
{
  "model": "inventory.inventorylog",
  "pk": 2,
  "fields": {
    "product": 10,
    "user": 3,
    "action": "sale",
    "quantity_change": -1,
    "stock_before": 30,
    "stock_after": 29,
    "notes": "Order #ORD-00002",
    "created_at": "2026-06-16T11:21:25.884Z"
  }
},
{
  "model": "inventory.inventorylog",
  "pk": 3,
  "fields": {
    "product": 4,
    "user": 3,
    "action": "sale",
    "quantity_change": -1,
    "stock_before": 60,
    "stock_after": 59,
    "notes": "Order #ORD-00002",
    "created_at": "2026-06-16T11:21:25.889Z"
  }
},
{
  "model": "inventory.inventorylog",
  "pk": 4,
  "fields": {
    "product": 5,
    "user": 3,
    "action": "sale",
    "quantity_change": -1,
    "stock_before": 70,
    "stock_after": 69,
    "notes": "Order #ORD-00002",
    "created_at": "2026-06-16T11:21:25.892Z"
  }
},
{
  "model": "inventory.inventorylog",
  "pk": 5,
  "fields": {
    "product": 11,
    "user": 3,
    "action": "sale",
    "quantity_change": -1,
    "stock_before": 200,
    "stock_after": 199,
    "notes": "Order #ORD-00002",
    "created_at": "2026-06-16T11:21:25.894Z"
  }
},
{
  "model": "inventory.inventorylog",
  "pk": 6,
  "fields": {
    "product": 8,
    "user": 3,
    "action": "sale",
    "quantity_change": -1,
    "stock_before": 20,
    "stock_after": 19,
    "notes": "Order #ORD-00002",
    "created_at": "2026-06-16T11:21:25.897Z"
  }
},
{
  "model": "inventory.inventorylog",
  "pk": 7,
  "fields": {
    "product": 6,
    "user": 3,
    "action": "sale",
    "quantity_change": -1,
    "stock_before": 30,
    "stock_after": 29,
    "notes": "Order #ORD-00002",
    "created_at": "2026-06-16T11:21:25.900Z"
  }
},
{
  "model": "inventory.inventorylog",
  "pk": 8,
  "fields": {
    "product": 3,
    "user": 3,
    "action": "sale",
    "quantity_change": -1,
    "stock_before": 90,
    "stock_after": 89,
    "notes": "Order #ORD-00002",
    "created_at": "2026-06-16T11:21:25.902Z"
  }
},
{
  "model": "inventory.inventorylog",
  "pk": 9,
  "fields": {
    "product": 1,
    "user": 3,
    "action": "sale",
    "quantity_change": -1,
    "stock_before": 100,
    "stock_after": 99,
    "notes": "Order #ORD-00002",
    "created_at": "2026-06-16T11:21:25.906Z"
  }
},
{
  "model": "inventory.inventorylog",
  "pk": 10,
  "fields": {
    "product": 10,
    "user": 3,
    "action": "sale",
    "quantity_change": -1,
    "stock_before": 29,
    "stock_after": 28,
    "notes": "Order #ORD-00001",
    "created_at": "2026-06-16T11:21:39.382Z"
  }
},
{
  "model": "inventory.inventorylog",
  "pk": 11,
  "fields": {
    "product": 4,
    "user": 3,
    "action": "sale",
    "quantity_change": -1,
    "stock_before": 59,
    "stock_after": 58,
    "notes": "Order #ORD-00001",
    "created_at": "2026-06-16T11:21:39.382Z"
  }
},
{
  "model": "inventory.inventorylog",
  "pk": 12,
  "fields": {
    "product": 5,
    "user": 3,
    "action": "sale",
    "quantity_change": -1,
    "stock_before": 69,
    "stock_after": 68,
    "notes": "Order #ORD-00001",
    "created_at": "2026-06-16T11:21:39.382Z"
  }
},
{
  "model": "inventory.inventorylog",
  "pk": 13,
  "fields": {
    "product": 10,
    "user": 3,
    "action": "sale",
    "quantity_change": -1,
    "stock_before": 28,
    "stock_after": 27,
    "notes": "Order #ORD-00003",
    "created_at": "2026-06-16T11:36:12.097Z"
  }
},
{
  "model": "inventory.inventorylog",
  "pk": 14,
  "fields": {
    "product": 9,
    "user": 3,
    "action": "sale",
    "quantity_change": -1,
    "stock_before": 25,
    "stock_after": 24,
    "notes": "Order #ORD-00003",
    "created_at": "2026-06-16T11:36:12.099Z"
  }
},
{
  "model": "inventory.inventorylog",
  "pk": 15,
  "fields": {
    "product": 5,
    "user": 3,
    "action": "sale",
    "quantity_change": -1,
    "stock_before": 68,
    "stock_after": 67,
    "notes": "Order #ORD-00004",
    "created_at": "2026-06-16T11:59:04.275Z"
  }
},
{
  "model": "inventory.inventorylog",
  "pk": 16,
  "fields": {
    "product": 7,
    "user": 3,
    "action": "sale",
    "quantity_change": -1,
    "stock_before": 25,
    "stock_after": 24,
    "notes": "Order #ORD-00004",
    "created_at": "2026-06-16T11:59:04.280Z"
  }
},
{
  "model": "inventory.inventorylog",
  "pk": 17,
  "fields": {
    "product": 11,
    "user": 3,
    "action": "sale",
    "quantity_change": -1,
    "stock_before": 199,
    "stock_after": 198,
    "notes": "Order #ORD-00005",
    "created_at": "2026-06-16T12:23:05.831Z"
  }
},
{
  "model": "inventory.inventorylog",
  "pk": 18,
  "fields": {
    "product": 13,
    "user": 3,
    "action": "sale",
    "quantity_change": -1,
    "stock_before": 5,
    "stock_after": 4,
    "notes": "Order #ORD-00005",
    "created_at": "2026-06-16T12:23:05.833Z"
  }
},
{
  "model": "inventory.inventorylog",
  "pk": 19,
  "fields": {
    "product": 6,
    "user": 3,
    "action": "sale",
    "quantity_change": -1,
    "stock_before": 29,
    "stock_after": 28,
    "notes": "Order #ORD-00005",
    "created_at": "2026-06-16T12:23:05.835Z"
  }
},
{
  "model": "inventory.inventorylog",
  "pk": 20,
  "fields": {
    "product": 13,
    "user": 1,
    "action": "update",
    "quantity_change": 36,
    "stock_before": 4,
    "stock_after": 40,
    "notes": "Manual stock update",
    "created_at": "2026-06-16T12:25:37.910Z"
  }
},
{
  "model": "inventory.inventorylog",
  "pk": 21,
  "fields": {
    "product": 11,
    "user": 3,
    "action": "sale",
    "quantity_change": -1,
    "stock_before": 198,
    "stock_after": 197,
    "notes": "Order #ORD-00006",
    "created_at": "2026-06-16T12:33:25.655Z"
  }
},
{
  "model": "inventory.inventorylog",
  "pk": 22,
  "fields": {
    "product": 10,
    "user": 3,
    "action": "sale",
    "quantity_change": -1,
    "stock_before": 27,
    "stock_after": 26,
    "notes": "Order #ORD-00006",
    "created_at": "2026-06-16T12:33:25.655Z"
  }
},
{
  "model": "inventory.inventorylog",
  "pk": 23,
  "fields": {
    "product": 7,
    "user": 3,
    "action": "sale",
    "quantity_change": -1,
    "stock_before": 24,
    "stock_after": 23,
    "notes": "Order #ORD-00006",
    "created_at": "2026-06-16T12:33:25.655Z"
  }
},
{
  "model": "inventory.inventorylog",
  "pk": 24,
  "fields": {
    "product": 11,
    "user": 3,
    "action": "sale",
    "quantity_change": -1,
    "stock_before": 197,
    "stock_after": 196,
    "notes": "Order #ORD-00007",
    "created_at": "2026-06-16T13:07:10.112Z"
  }
},
{
  "model": "inventory.inventorylog",
  "pk": 25,
  "fields": {
    "product": 9,
    "user": 3,
    "action": "sale",
    "quantity_change": -1,
    "stock_before": 24,
    "stock_after": 23,
    "notes": "Order #ORD-00007",
    "created_at": "2026-06-16T13:07:10.112Z"
  }
},
{
  "model": "orders.order",
  "pk": 1,
  "fields": {
    "order_number": "ORD-00001",
    "customer_name": "Walk-in Customer",
    "waiter": null,
    "counter_attendant": 3,
    "status": "delivered",
    "total_amount": "2950.00",
    "notes": "Order from menu",
    "receipt_sent": false,
    "claimed_at": null,
    "preparing_at": null,
    "ready_at": null,
    "picked_up_at": null,
    "delivered_at": "2026-06-16T11:21:39.382Z",
    "created_at": "2026-06-16T09:23:02.628Z",
    "updated_at": "2026-06-16T11:21:39.382Z"
  }
},
{
  "model": "orders.order",
  "pk": 2,
  "fields": {
    "order_number": "ORD-00002",
    "customer_name": "Walk-in Customer",
    "waiter": null,
    "counter_attendant": 3,
    "status": "delivered",
    "total_amount": "9250.00",
    "notes": "Order from menu",
    "receipt_sent": false,
    "claimed_at": null,
    "preparing_at": null,
    "ready_at": null,
    "picked_up_at": null,
    "delivered_at": "2026-06-16T11:21:25.876Z",
    "created_at": "2026-06-16T09:28:44.252Z",
    "updated_at": "2026-06-16T11:21:25.876Z"
  }
},
{
  "model": "orders.order",
  "pk": 3,
  "fields": {
    "order_number": "ORD-00003",
    "customer_name": "Walk-in Customer",
    "waiter": 2,
    "counter_attendant": 3,
    "status": "delivered",
    "total_amount": "4200.00",
    "notes": "",
    "receipt_sent": false,
    "claimed_at": null,
    "preparing_at": null,
    "ready_at": null,
    "picked_up_at": null,
    "delivered_at": "2026-06-16T11:36:12.089Z",
    "created_at": "2026-06-16T11:32:08.407Z",
    "updated_at": "2026-06-16T11:36:12.089Z"
  }
},
{
  "model": "orders.order",
  "pk": 4,
  "fields": {
    "order_number": "ORD-00004",
    "customer_name": "Walk-in Customer",
    "waiter": 2,
    "counter_attendant": 3,
    "status": "delivered",
    "total_amount": "3950.00",
    "notes": "",
    "receipt_sent": false,
    "claimed_at": null,
    "preparing_at": null,
    "ready_at": null,
    "picked_up_at": null,
    "delivered_at": "2026-06-16T11:59:04.269Z",
    "created_at": "2026-06-16T11:51:49.345Z",
    "updated_at": "2026-06-16T11:59:04.270Z"
  }
},
{
  "model": "orders.order",
  "pk": 5,
  "fields": {
    "order_number": "ORD-00005",
    "customer_name": "Walk-in Customer",
    "waiter": 2,
    "counter_attendant": 3,
    "status": "delivered",
    "total_amount": "3450.00",
    "notes": "",
    "receipt_sent": false,
    "claimed_at": null,
    "preparing_at": null,
    "ready_at": null,
    "picked_up_at": null,
    "delivered_at": "2026-06-16T12:23:05.825Z",
    "created_at": "2026-06-16T12:22:21.487Z",
    "updated_at": "2026-06-16T12:23:05.826Z"
  }
},
{
  "model": "orders.order",
  "pk": 6,
  "fields": {
    "order_number": "ORD-00006",
    "customer_name": "Walk-in Customer",
    "waiter": 2,
    "counter_attendant": 3,
    "status": "delivered",
    "total_amount": "5650.00",
    "notes": "",
    "receipt_sent": false,
    "claimed_at": null,
    "preparing_at": null,
    "ready_at": null,
    "picked_up_at": null,
    "delivered_at": "2026-06-16T12:33:25.655Z",
    "created_at": "2026-06-16T12:29:26.950Z",
    "updated_at": "2026-06-16T12:33:25.655Z"
  }
},
{
  "model": "orders.order",
  "pk": 7,
  "fields": {
    "order_number": "ORD-00007",
    "customer_name": "Walk-in Customer",
    "waiter": 2,
    "counter_attendant": 3,
    "status": "delivered",
    "total_amount": "2350.00",
    "notes": "",
    "receipt_sent": false,
    "claimed_at": null,
    "preparing_at": null,
    "ready_at": null,
    "picked_up_at": null,
    "delivered_at": "2026-06-16T13:07:10.112Z",
    "created_at": "2026-06-16T13:06:30.764Z",
    "updated_at": "2026-06-16T13:07:10.112Z"
  }
},
{
  "model": "orders.orderitem",
  "pk": 1,
  "fields": {
    "order": 1,
    "product": 10,
    "quantity": 1,
    "unit_price": "2000.00",
    "subtotal": "2000.00"
  }
},
{
  "model": "orders.orderitem",
  "pk": 2,
  "fields": {
    "order": 1,
    "product": 4,
    "quantity": 1,
    "unit_price": "500.00",
    "subtotal": "500.00"
  }
},
{
  "model": "orders.orderitem",
  "pk": 3,
  "fields": {
    "order": 1,
    "product": 5,
    "quantity": 1,
    "unit_price": "450.00",
    "subtotal": "450.00"
  }
},
{
  "model": "orders.orderitem",
  "pk": 4,
  "fields": {
    "order": 2,
    "product": 10,
    "quantity": 1,
    "unit_price": "2000.00",
    "subtotal": "2000.00"
  }
},
{
  "model": "orders.orderitem",
  "pk": 5,
  "fields": {
    "order": 2,
    "product": 4,
    "quantity": 1,
    "unit_price": "500.00",
    "subtotal": "500.00"
  }
},
{
  "model": "orders.orderitem",
  "pk": 6,
  "fields": {
    "order": 2,
    "product": 5,
    "quantity": 1,
    "unit_price": "450.00",
    "subtotal": "450.00"
  }
},
{
  "model": "orders.orderitem",
  "pk": 7,
  "fields": {
    "order": 2,
    "product": 11,
    "quantity": 1,
    "unit_price": "150.00",
    "subtotal": "150.00"
  }
},
{
  "model": "orders.orderitem",
  "pk": 8,
  "fields": {
    "order": 2,
    "product": 8,
    "quantity": 1,
    "unit_price": "3000.00",
    "subtotal": "3000.00"
  }
},
{
  "model": "orders.orderitem",
  "pk": 9,
  "fields": {
    "order": 2,
    "product": 6,
    "quantity": 1,
    "unit_price": "2500.00",
    "subtotal": "2500.00"
  }
},
{
  "model": "orders.orderitem",
  "pk": 10,
  "fields": {
    "order": 2,
    "product": 3,
    "quantity": 1,
    "unit_price": "300.00",
    "subtotal": "300.00"
  }
},
{
  "model": "orders.orderitem",
  "pk": 11,
  "fields": {
    "order": 2,
    "product": 1,
    "quantity": 1,
    "unit_price": "350.00",
    "subtotal": "350.00"
  }
},
{
  "model": "orders.orderitem",
  "pk": 12,
  "fields": {
    "order": 3,
    "product": 10,
    "quantity": 1,
    "unit_price": "2000.00",
    "subtotal": "2000.00"
  }
},
{
  "model": "orders.orderitem",
  "pk": 13,
  "fields": {
    "order": 3,
    "product": 9,
    "quantity": 1,
    "unit_price": "2200.00",
    "subtotal": "2200.00"
  }
},
{
  "model": "orders.orderitem",
  "pk": 14,
  "fields": {
    "order": 4,
    "product": 5,
    "quantity": 1,
    "unit_price": "450.00",
    "subtotal": "450.00"
  }
},
{
  "model": "orders.orderitem",
  "pk": 15,
  "fields": {
    "order": 4,
    "product": 7,
    "quantity": 1,
    "unit_price": "3500.00",
    "subtotal": "3500.00"
  }
},
{
  "model": "orders.orderitem",
  "pk": 16,
  "fields": {
    "order": 5,
    "product": 11,
    "quantity": 1,
    "unit_price": "150.00",
    "subtotal": "150.00"
  }
},
{
  "model": "orders.orderitem",
  "pk": 17,
  "fields": {
    "order": 5,
    "product": 13,
    "quantity": 1,
    "unit_price": "800.00",
    "subtotal": "800.00"
  }
},
{
  "model": "orders.orderitem",
  "pk": 18,
  "fields": {
    "order": 5,
    "product": 6,
    "quantity": 1,
    "unit_price": "2500.00",
    "subtotal": "2500.00"
  }
},
{
  "model": "orders.orderitem",
  "pk": 19,
  "fields": {
    "order": 6,
    "product": 11,
    "quantity": 1,
    "unit_price": "150.00",
    "subtotal": "150.00"
  }
},
{
  "model": "orders.orderitem",
  "pk": 20,
  "fields": {
    "order": 6,
    "product": 10,
    "quantity": 1,
    "unit_price": "2000.00",
    "subtotal": "2000.00"
  }
},
{
  "model": "orders.orderitem",
  "pk": 21,
  "fields": {
    "order": 6,
    "product": 7,
    "quantity": 1,
    "unit_price": "3500.00",
    "subtotal": "3500.00"
  }
},
{
  "model": "orders.orderitem",
  "pk": 22,
  "fields": {
    "order": 7,
    "product": 11,
    "quantity": 1,
    "unit_price": "150.00",
    "subtotal": "150.00"
  }
},
{
  "model": "orders.orderitem",
  "pk": 23,
  "fields": {
    "order": 7,
    "product": 9,
    "quantity": 1,
    "unit_price": "2200.00",
    "subtotal": "2200.00"
  }
},
{
  "model": "receipts.receipt",
  "pk": 1,
  "fields": {
    "receipt_number": "RCT-00001",
    "order": 2,
    "pdf_file": "",
    "generated_at": "2026-06-16T11:21:25.906Z"
  }
},
{
  "model": "receipts.receipt",
  "pk": 2,
  "fields": {
    "receipt_number": "RCT-00002",
    "order": 1,
    "pdf_file": "",
    "generated_at": "2026-06-16T11:21:39.398Z"
  }
},
{
  "model": "receipts.receipt",
  "pk": 3,
  "fields": {
    "receipt_number": "RCT-00003",
    "order": 3,
    "pdf_file": "",
    "generated_at": "2026-06-16T11:36:12.100Z"
  }
},
{
  "model": "receipts.receipt",
  "pk": 4,
  "fields": {
    "receipt_number": "RCT-00004",
    "order": 4,
    "pdf_file": "",
    "generated_at": "2026-06-16T11:59:04.280Z"
  }
},
{
  "model": "receipts.receipt",
  "pk": 5,
  "fields": {
    "receipt_number": "RCT-00005",
    "order": 5,
    "pdf_file": "",
    "generated_at": "2026-06-16T12:23:05.836Z"
  }
},
{
  "model": "receipts.receipt",
  "pk": 6,
  "fields": {
    "receipt_number": "RCT-00006",
    "order": 6,
    "pdf_file": "",
    "generated_at": "2026-06-16T12:33:25.668Z"
  }
},
{
  "model": "receipts.receipt",
  "pk": 7,
  "fields": {
    "receipt_number": "RCT-00007",
    "order": 7,
    "pdf_file": "",
    "generated_at": "2026-06-16T13:07:10.112Z"
  }
},
{
  "model": "payments.payment",
  "pk": 1,
  "fields": {
    "order": 2,
    "amount": "9250.00",
    "method": "cash",
    "status": "completed",
    "transaction_ref": "",
    "paid_at": "2026-06-16T11:21:25.906Z"
  }
},
{
  "model": "payments.payment",
  "pk": 2,
  "fields": {
    "order": 1,
    "amount": "2950.00",
    "method": "cash",
    "status": "completed",
    "transaction_ref": "",
    "paid_at": "2026-06-16T11:21:39.398Z"
  }
},
{
  "model": "payments.payment",
  "pk": 3,
  "fields": {
    "order": 3,
    "amount": "4200.00",
    "method": "cash",
    "status": "completed",
    "transaction_ref": "",
    "paid_at": "2026-06-16T11:36:12.101Z"
  }
},
{
  "model": "payments.payment",
  "pk": 4,
  "fields": {
    "order": 4,
    "amount": "3950.00",
    "method": "cash",
    "status": "completed",
    "transaction_ref": "",
    "paid_at": "2026-06-16T11:59:04.280Z"
  }
},
{
  "model": "payments.payment",
  "pk": 5,
  "fields": {
    "order": 5,
    "amount": "3450.00",
    "method": "cash",
    "status": "completed",
    "transaction_ref": "",
    "paid_at": "2026-06-16T12:23:05.837Z"
  }
},
{
  "model": "payments.payment",
  "pk": 6,
  "fields": {
    "order": 6,
    "amount": "5650.00",
    "method": "cash",
    "status": "completed",
    "transaction_ref": "",
    "paid_at": "2026-06-16T12:33:25.669Z"
  }
},
{
  "model": "payments.payment",
  "pk": 7,
  "fields": {
    "order": 7,
    "amount": "2350.00",
    "method": "cash",
    "status": "completed",
    "transaction_ref": "",
    "paid_at": "2026-06-16T13:07:10.112Z"
  }
},
{
  "model": "sales.sale",
  "pk": 1,
  "fields": {
    "sale_number": "SAL-00001",
    "order": 2,
    "customer_name": "Walk-in Customer",
    "waiter": null,
    "total_amount": "9250.00",
    "payment_method": "cash",
    "created_at": "2026-06-16T11:21:25.906Z"
  }
},
{
  "model": "sales.sale",
  "pk": 2,
  "fields": {
    "sale_number": "SAL-00002",
    "order": 1,
    "customer_name": "Walk-in Customer",
    "waiter": null,
    "total_amount": "2950.00",
    "payment_method": "cash",
    "created_at": "2026-06-16T11:21:39.398Z"
  }
},
{
  "model": "sales.sale",
  "pk": 3,
  "fields": {
    "sale_number": "SAL-00003",
    "order": 3,
    "customer_name": "Walk-in Customer",
    "waiter": 2,
    "total_amount": "4200.00",
    "payment_method": "cash",
    "created_at": "2026-06-16T11:36:12.103Z"
  }
},
{
  "model": "sales.sale",
  "pk": 4,
  "fields": {
    "sale_number": "SAL-00004",
    "order": 4,
    "customer_name": "Walk-in Customer",
    "waiter": 2,
    "total_amount": "3950.00",
    "payment_method": "cash",
    "created_at": "2026-06-16T11:59:04.280Z"
  }
},
{
  "model": "sales.sale",
  "pk": 5,
  "fields": {
    "sale_number": "SAL-00005",
    "order": 5,
    "customer_name": "Walk-in Customer",
    "waiter": 2,
    "total_amount": "3450.00",
    "payment_method": "cash",
    "created_at": "2026-06-16T12:23:05.840Z"
  }
},
{
  "model": "sales.sale",
  "pk": 6,
  "fields": {
    "sale_number": "SAL-00006",
    "order": 6,
    "customer_name": "Walk-in Customer",
    "waiter": 2,
    "total_amount": "5650.00",
    "payment_method": "cash",
    "created_at": "2026-06-16T12:33:25.672Z"
  }
},
{
  "model": "sales.sale",
  "pk": 7,
  "fields": {
    "sale_number": "SAL-00007",
    "order": 7,
    "customer_name": "Walk-in Customer",
    "waiter": 2,
    "total_amount": "2350.00",
    "payment_method": "cash",
    "created_at": "2026-06-16T13:07:10.112Z"
  }
},
{
  "model": "reports.dailyreport",
  "pk": 1,
  "fields": {
    "report_date": "2026-06-16",
    "total_revenue": "29450.00",
    "total_orders": 6,
    "delivered_orders": 6,
    "cancelled_orders": 0,
    "best_selling_product": "Bacardi Rum",
    "best_selling_qty": 4,
    "payment_breakdown": {
      "cash": 29450.0
    },
    "pdf_file": "",
    "generated_at": "2026-06-16T12:41:02.177Z"
  }
},
{
  "model": "notifications.notification",
  "pk": 1,
  "fields": {
    "recipient": 2,
    "title": "New Order",
    "message": "Order #ORD-00001 has been placed.",
    "notification_type": "info",
    "is_read": true,
    "link": "",
    "created_at": "2026-06-16T09:23:02.734Z"
  }
},
{
  "model": "notifications.notification",
  "pk": 2,
  "fields": {
    "recipient": 2,
    "title": "New Order",
    "message": "Order #ORD-00002 has been placed.",
    "notification_type": "info",
    "is_read": true,
    "link": "",
    "created_at": "2026-06-16T09:28:44.372Z"
  }
},
{
  "model": "notifications.notification",
  "pk": 3,
  "fields": {
    "recipient": 3,
    "title": "New Order",
    "message": "Order #ORD-00003 has been placed by waiter1.",
    "notification_type": "info",
    "is_read": true,
    "link": "",
    "created_at": "2026-06-16T11:32:08.499Z"
  }
},
{
  "model": "notifications.notification",
  "pk": 4,
  "fields": {
    "recipient": 2,
    "title": "Order Delivered",
    "message": "Order #ORD-00003 has been delivered and completed.",
    "notification_type": "success",
    "is_read": true,
    "link": "",
    "created_at": "2026-06-16T11:36:12.200Z"
  }
},
{
  "model": "notifications.notification",
  "pk": 5,
  "fields": {
    "recipient": 3,
    "title": "New Order",
    "message": "Order #ORD-00004 has been placed by waiter1.",
    "notification_type": "info",
    "is_read": true,
    "link": "",
    "created_at": "2026-06-16T11:51:49.491Z"
  }
},
{
  "model": "notifications.notification",
  "pk": 6,
  "fields": {
    "recipient": 2,
    "title": "Order Accepted",
    "message": "Order #ORD-00004 has been accepted by counter1.",
    "notification_type": "info",
    "is_read": true,
    "link": "",
    "created_at": "2026-06-16T11:59:00.925Z"
  }
},
{
  "model": "notifications.notification",
  "pk": 7,
  "fields": {
    "recipient": 3,
    "title": "New Order",
    "message": "Order #ORD-00005 has been placed by waiter1.",
    "notification_type": "info",
    "is_read": true,
    "link": "",
    "created_at": "2026-06-16T12:22:21.629Z"
  }
},
{
  "model": "notifications.notification",
  "pk": 8,
  "fields": {
    "recipient": 2,
    "title": "Order Accepted",
    "message": "Order #ORD-00005 has been accepted by counter1.",
    "notification_type": "info",
    "is_read": false,
    "link": "",
    "created_at": "2026-06-16T12:22:57.456Z"
  }
},
{
  "model": "notifications.notification",
  "pk": 9,
  "fields": {
    "recipient": 3,
    "title": "New Order",
    "message": "Order #ORD-00006 has been placed by waiter1.",
    "notification_type": "info",
    "is_read": true,
    "link": "",
    "created_at": "2026-06-16T12:29:27.095Z"
  }
},
{
  "model": "notifications.notification",
  "pk": 10,
  "fields": {
    "recipient": 2,
    "title": "Order Accepted",
    "message": "Order #ORD-00006 has been accepted by counter1.",
    "notification_type": "info",
    "is_read": false,
    "link": "",
    "created_at": "2026-06-16T12:33:19.928Z"
  }
},
{
  "model": "notifications.notification",
  "pk": 11,
  "fields": {
    "recipient": 3,
    "title": "New Order",
    "message": "Order #ORD-00007 has been placed by waiter1.",
    "notification_type": "info",
    "is_read": true,
    "link": "",
    "created_at": "2026-06-16T13:06:30.966Z"
  }
},
{
  "model": "notifications.notification",
  "pk": 12,
  "fields": {
    "recipient": 2,
    "title": "Order Accepted",
    "message": "Order #ORD-00007 has been accepted by counter1.",
    "notification_type": "info",
    "is_read": false,
    "link": "",
    "created_at": "2026-06-16T13:07:01.336Z"
  }
}
]
